output,nll_sum,valid_tokens,nll_mean,perplexity,parsable,parse_fail_reason
"{""questions"": [{""id"": 1, ""type"": ""multiple_choice"", ""question"": ""Apa makanan utama kucing?"", ""options"": [{""id"": ""a"", ""text"": ""Tumbuhan""}, {""id"": ""b"", ""text"": ""Hewan""}, {""id"": ""c"", ""text"": ""Serangga""}, {""id"": ""d"", ""text"": ""Ikan""}], ""correct_answer"": ""b"", ""explanation"": ""Kucing adalah karnivora, jadi makanan utamanya adalah hewan.""}, {""id"": 2, ""type"": ""true_false"", ""question"": ""Kucing dapat melihat dalam gelap."", ""correct_answer"": true, ""explanation"": ""Kucing memiliki penglihatan malam yang sangat baik.""}, {""id"": 3, ""type"": ""multiple_choice"", ""question"": ""Berapa lama umur rata-rata kucing domestik?"", ""options"": [{""id"": ""a"", ""text"": ""5 tahun""}, {""id"": ""b"", ""text"": ""10 tahun""}, {""id"": ""c"", ""text"": ""15 tahun""}, {""id"": ""d"", ""text"": ""20 tahun""}], ""correct_answer"": ""c"", ""explanation"": ""Kucing domestik rata-rata hidup sekitar 15 tahun.""}, {""id"": 4, ""type"": ""multibox"", ""question"": ""Apa saja contoh ras kucing?"", ""options"": [{""id"": ""a"", ""text"": ""Persia""}, {""id"": ""b"", ""text"": ""Siam""}, {""id"": ""c"", ""text"": ""Maine Coon""}, {""id"": ""d"", ""text"": ""Bengal""}], ""correct_answer"": [""a"", ""b"", ""c""], ""explanation"": ""Persia, Siam, dan Maine Coon adalah contoh ras kucing.""}, {""id"": 5, ""type"": ""multiple_choice"", ""question"": ""Apa peran kucing liar dalam ekosistem?"", ""options"": [{""id"": ""a"", ""text"": ""Mengendalikan populasi hewan pengerat""}, {""id"": ""b"", ""text"": ""Menghasilkan oksigen""}, {""id"": ""c"", ""text"": ""Mengubah nitrogen menjadi nitrogen gas""}, {""id"": ""d"", ""text"": ""Mengubah karbon dioksida menjadi glukosa""}], ""correct_answer"": ""a"", ""explanation"": ""Kucing liar membantu mengendalikan populasi hewan pengerat.""}]}",122.3125,547,0.22360603290676417,1.2505782356920683,1,
"{""questions"": [{""id"": 1, ""type"": ""multiple_choice"", ""question"": ""Apa yang digunakan sebagai bahan baku dalam fotosintesis?"", ""options"": [{""id"": ""a"", ""text"": ""Air dan karbon dioksida""}, {""id"": ""b"", ""text"": ""Oksigen dan nitrogen""}, {""id"": ""c"", ""text"": ""Urea dan fosfor""}, {""id"": ""d"", ""text"": ""Klorofil dan air""}], ""correct_answer"": ""a"", ""explanation"": ""Air dan karbon dioksida digunakan sebagai bahan baku dalam fotosintesis.""}, {""id"": 2, ""type"": ""true_false"", ""question"": ""Klorofil adalah pigmen merah."", ""correct_answer"": false, ""explanation"": ""Klorofil adalah pigmen hijau.""}, {""id"": 3, ""type"": ""multiple_choice"", ""question"": ""Apa produk sampingan utama dari fotosintesis?"", ""options"": [{""id"": ""a"", ""text"": ""Glukosa""}, {""id"": ""b"", ""text"": ""Oksigen""}, {""id"": ""c"", ""text"": ""Karbon dioksida""}, {""id"": ""d"", ""text"": ""Air""}], ""correct_answer"": ""b"", ""explanation"": ""Oksigen dilepaskan sebagai produk sampingan utama dari fotosintesis.""}, {""id"": 4, ""type"": ""multibox"", ""question"": ""Siapa saja yang melakukan fotosintesis?"", ""options"": [{""id"": ""a"", ""text"": ""Tumbuhan""}, {""id"": ""b"", ""text"": ""Hewan""}, {""id"": ""c"", ""text"": ""Alga""}, {""id"": ""d"", ""text"": ""Bakteri""}], ""correct_answer"": [""a"", ""c""], ""explanation"": ""Tumbuhan, alga, dan beberapa bakteri melakukan fotosintesis.""}, {""id"": 5, ""type"": ""multiple_choice"", ""question"": ""Apa peran fotosintesis dalam lingkungan?"", ""options"": [{""id"": ""a"", ""text"": ""Menghasilkan oksigen""}, {""id"": ""b"", ""text"": ""Mengubah energi cahaya menjadi energi kimia""}, {""id"": ""c"", ""text"": ""Mengubah energi kimia menjadi energi cahaya""}, {""id"": ""d"", ""text"": ""Menghilangkan oksigen""}], ""correct_answer"": ""a"", ""explanation"": ""Fotosintesis menghasilkan oksigen, yang penting untuk kehidupan di Bumi.""}]}",114.5625,554,0.20679151624548736,1.2297261671252342,1,
"{""questions"": [{""id"": 1, ""type"": ""multiple_choice"", ""question"": ""Apa pusat sistem tata surya?"", ""options"": [{""id"": ""a"", ""text"": ""Bumi""}, {""id"": ""b"", ""text"": ""Matahari""}, {""id"": ""c"", ""text"": ""Jupiter""}, {""id"": ""d"", ""text"": ""Saturnus""}], ""correct_answer"": ""b"", ""explanation"": ""Matahari adalah pusat sistem tata surya.""}, {""id"": 2, ""type"": ""true_false"", ""question"": ""Semua planet dalam sistem tata surya adalah raksasa gas."", ""correct_answer"": false, ""explanation"": ""Empat planet dalam adalah planet terestrial, sedangkan empat planet luar adalah raksasa gas.""}, {""id"": 3, ""type"": ""multiple_choice"", ""question"": ""Apa yang mengorbit planet?"", ""options"": [{""id"": ""a"", ""text"": ""Asteroid""}, {""id"": ""b"", ""text"": ""Bulan""}, {""id"": ""c"", ""text"": ""Komet""}, {""id"": ""d"", ""text"": ""Semua jawaban di atas""}], ""correct_answer"": ""d"", ""explanation"": ""Semua jawaban di atas benar. Bulan mengorbit planet, asteroid mengorbit Matahari, dan komet juga mengorbit Matahari.""}, {""id"": 4, ""type"": ""multibox"", ""question"": ""Apa saja objek yang mengorbit Matahari?"", ""options"": [{""id"": ""a"", ""text"": ""Planet""}, {""id"": ""b"", ""text"": ""Bulan""}, {""id"": ""c"", ""text"": ""Asteroid""}, {""id"": ""d"", ""text"": ""Komet""}], ""correct_answer"": [""a"", ""b"", ""c"", ""d""], ""explanation"": ""Semua objek tersebut mengorbit Matahari.""}, {""id"": 5, ""type"": ""multiple_choice"", ""question"": ""Apa yang disebut meteoroid yang jatuh ke Bumi?"", ""options"": [{""id"": ""a"", ""text"": ""Meteor""}, {""id"": ""b"", ""text"": ""Meteorit""}, {""id"": ""c"", ""text"": ""Komet""}, {""id"": ""d"", ""text"": ""Asteroid""}], ""correct_answer"": ""b"", ""explanation"": ""Meteoroid yang jatuh ke Bumi disebut meteorit.""}]}",87.4375,526,0.16623098859315588,1.1808458321407558,1,
"{""questions"": [{""id"": 1, ""type"": ""multiple_choice"", ""question"": ""Apa yang dimaksud dengan siklus air?"", ""options"": [{""id"": ""a"", ""text"": ""Proses pergerakan air di bawah permukaan bumi""}, {""id"": ""b"", ""text"": ""Proses pergerakan air di atmosfer""}, {""id"": ""c"", ""text"": ""Proses pergerakan air di antara bumi, atmosfer, dan lautan""}, {""id"": ""d"", ""text"": ""Proses pergerakan air di bawah es""}], ""correct_answer"": ""c"", ""explanation"": ""Siklus air adalah proses pergerakan air di antara bumi, atmosfer, dan lautan.""}, {""id"": 2, ""type"": ""true_false"", ""question"": ""Transpirasi adalah pelepasan uap air dari air tawar ke atmosfer."", ""correct_answer"": false, ""explanation"": ""Transpirasi adalah pelepasan uap air dari tumbuhan ke atmosfer, bukan dari air tawar.""}, {""id"": 3, ""type"": ""multiple_choice"", ""question"": ""Apa yang terjadi selama kondensasi?"", ""options"": [{""id"": ""a"", ""text"": ""Uap air menjadi cair""}, {""id"": ""b"", ""text"": ""Uap air menjadi padat""}, {""id"": ""c"", ""text"": ""Uap air menjadi gas""}, {""id"": ""d"", ""text"": ""Uap air menjadi es""}], ""correct_answer"": ""b"", ""explanation"": ""Kondensasi adalah proses perubahan uap air menjadi padat (es) di atmosfer.""}, {""id"": 4, ""type"": ""multibox"", ""question"": ""Manakah yang termasuk tahapan dalam siklus air?"", ""options"": [{""id"": ""a"", ""text"": ""Evaporasi""}, {""id"": ""b"", ""text"": ""Fotosintesis""}, {""id"": ""c"", ""text"": ""Transpirasi""}, {""id"": ""d"", ""text"": ""Respirasi""}], ""correct_answer"": [""a"", ""c""], ""explanation"": ""Evaporasi dan transpirasi adalah tahapan dalam siklus air. Fotosintesis dan respirasi adalah proses metabolisme tumbuhan.""}, {""id"": 5, ""type"": ""multiple_choice"", ""question"": ""Apa yang menggerakkan siklus air?"", ""options"": [{""id"": ""a"", ""text"": ""Energi matahari""}, {""id"": ""b"", ""text"": ""Energi nuklir""}, {""id"": ""c"", ""text"": ""Energi geotermal""}, {""id"": ""d"", ""text"": ""Energi gravitasi""}], ""correct_answer"": ""a"", ""explanation"": ""Siklus air didorong oleh energi matahari.""}]}",90.75,567,0.16005291005291006,1.1735729631567202,1,
"{""questions"": [{""id"": 1, ""type"": ""multiple_choice"", ""question"": ""Apa fungsi utama sistem kerangka?"", ""options"": [{""id"": ""a"", ""text"": ""Menghasilkan energi""}, {""id"": ""b"", ""text"": ""Memberikan dukungan dan perlindungan""}, {""id"": ""c"", ""text"": ""Mengangkut darah""}, {""id"": ""d"", ""text"": ""Mengontrol fungsi tubuh""}], ""correct_answer"": ""b"", ""explanation"": ""Sistem kerangka memberikan dukungan dan perlindungan bagi tubuh.""}, {""id"": 2, ""type"": ""true_false"", ""question"": ""Sistem saraf hanya mengontrol gerakan."", ""correct_answer"": false, ""explanation"": ""Sistem saraf mengontrol dan mengoordinasikan berbagai fungsi tubuh, termasuk gerakan, penglihatan, pendengaran, dan fungsi internal.""}, {""id"": 3, ""type"": ""multiple_choice"", ""question"": ""Apa fungsi utama sistem endokrin?"", ""options"": [{""id"": ""a"", ""text"": ""Menghasilkan energi""}, {""id"": ""b"", ""text"": ""Mengangkut darah""}, {""id"": ""c"", ""text"": ""Menghasilkan hormon""}, {""id"": ""d"", ""text"": ""Mengeluarkan limbah""}], ""correct_answer"": ""c"", ""explanation"": ""Sistem endokrin menghasilkan hormon yang mengatur berbagai proses tubuh.""}, {""id"": 4, ""type"": ""multibox"", ""question"": ""Manakah sistem yang berperan dalam menghasilkan energi?"", ""options"": [{""id"": ""a"", ""text"": ""Sistem saraf""}, {""id"": ""b"", ""text"": ""Sistem otot""}, {""id"": ""c"", ""text"": ""Sistem endokrin""}, {""id"": ""d"", ""text"": ""Sistem pencernaan""}], ""correct_answer"": [""b"", ""d""], ""explanation"": ""Sistem otot dan sistem pencernaan berperan dalam menghasilkan energi.""}, {""id"": 5, ""type"": ""multiple_choice"", ""question"": ""Apa fungsi utama sistem limfatik?"", ""options"": [{""id"": ""a"", ""text"": ""Mengangkut darah""}, {""id"": ""b"", ""text"": ""Mengeluarkan limbah""}, {""id"": ""c"", ""text"": ""Membantu melawan infeksi""}, {""id"": ""d"", ""text"": ""Menghasilkan hormon""}], ""correct_answer"": ""c"", ""explanation"": ""Sistem limfatik membantu melawan infeksi.""}]}",138.125,588,0.234906462585034,1.2647904579698244,1,
"{""questions"": [{""id"": 1, ""type"": ""multiple_choice"", ""question"": ""Apa yang dimaksudkan dengan World Wide Web?"", ""options"": [{""id"": ""a"", ""text"": ""Jaringan komputer global""}, {""id"": ""b"", ""text"": ""Sistem dokumen hiperteks""}, {""id"": ""c"", ""text"": ""Protokol komunikasi""}, {""id"": ""d"", ""text"": ""Perangkat lunak""}], ""correct_answer"": ""b"", ""explanation"": ""World Wide Web adalah sistem dokumen hiperteks yang saling terhubung.""}, {""id"": 2, ""type"": ""true_false"", ""question"": ""Email digunakan untuk mengirim dan menerima pesan teks."", ""correct_answer"": false, ""explanation"": ""Email digunakan untuk mengirim dan menerima pesan elektronik, bukan pesan teks.""}, {""id"": 3, ""type"": ""multiple_choice"", ""question"": ""Apa yang dimaksudkan dengan cloud computing?"", ""options"": [{""id"": ""a"", ""text"": ""Pengiriman layanan komputasi""}, {""id"": ""b"", ""text"": ""Jaringan komputer""}, {""id"": ""c"", ""text"": ""Perangkat lunak""}, {""id"": ""d"", ""text"": ""Perangkat keras""}], ""correct_answer"": ""a"", ""explanation"": ""Cloud computing adalah pengiriman layanan komputasi.""}, {""id"": 4, ""type"": ""multibox"", ""question"": ""Manakah yang termasuk dalam media sosial?"", ""options"": [{""id"": ""a"", ""text"": ""Facebook""}, {""id"": ""b"", ""text"": ""Instagram""}, {""id"": ""c"", ""text"": ""Twitter""}, {""id"": ""d"", ""text"": ""YouTube""}], ""correct_answer"": [""a"", ""b"", ""c"", ""d""], ""explanation"": ""Semua pilihan yang tertera adalah media sosial.""}, {""id"": 5, ""type"": ""multiple_choice"", ""question"": ""Apa yang dimaksudkan dengan keamanan siber?"", ""options"": [{""id"": ""a"", ""text"": ""Mencegah pencurian atau kerusakan pada sistem komputer""}, {""id"": ""b"", ""text"": ""Meningkatkan kinerja sistem komputer""}, {""id"": ""c"", ""text"": ""Meningkatkan kualitas gambar""}, {""id"": ""d"", ""text"": ""Meningkatkan kecepatan internet""}], ""correct_answer"": ""a"", ""explanation"": ""Keamanan siber bertujuan untuk melindungi sistem komputer dan jaringan dari ancaman siber.""}]}",134.25,550,0.24409090909090908,1.2764603670665364,1,
"{""questions"": [{""id"": 1, ""type"": ""multiple_choice"", ""question"": ""Apa lapisan terluar Bumi?"", ""options"": [{""id"": ""a"", ""text"": ""Mantel""}, {""id"": ""b"", ""text"": ""Inti""}, {""id"": ""c"", ""text"": ""Kerak""}, {""id"": ""d"", ""text"": ""Atmosfer""}], ""correct_answer"": ""c"", ""explanation"": ""Kerak adalah lapisan terluar Bumi.""}, {""id"": 2, ""type"": ""true_false"", ""question"": ""Bumi tidak memiliki satelit alami."", ""correct_answer"": false, ""explanation"": ""Bumi memiliki satu satelit alami, yaitu Bulan.""}, {""id"": 3, ""type"": ""multiple_choice"", ""question"": ""Apa yang melindungi kehidupan dari radiasi berbahaya?"", ""options"": [{""id"": ""a"", ""text"": ""Matahari""}, {""id"": ""b"", ""text"": ""Bulan""}, {""id"": ""c"", ""text"": ""Atmosfer""}, {""id"": ""d"", ""text"": ""Inti Bumi""}], ""correct_answer"": ""c"", ""explanation"": ""Atmosfer Bumi melindungi kehidupan dari radiasi berbahaya.""}, {""id"": 4, ""type"": ""multibox"", ""question"": ""Apa saja lapisan dalam Bumi?"", ""options"": [{""id"": ""a"", ""text"": ""Kerak""}, {""id"": ""b"", ""text"": ""Mantel""}, {""id"": ""c"", ""text"": ""Inti""}, {""id"": ""d"", ""text"": ""Atmosfer""}], ""correct_answer"": [""a"", ""b"", ""c""], ""explanation"": ""Lapisan dalam Bumi adalah kerak, mantel, dan inti.""}, {""id"": 5, ""type"": ""multiple_choice"", ""question"": ""Siapa salah satu spesies yang hidup di Bumi?"", ""options"": [{""id"": ""a"", ""text"": ""Kucing""}, {""id"": ""b"", ""text"": ""Burung""}, {""id"": ""c"", ""text"": ""Manusia""}, {""id"": ""d"", ""text"": ""Kuda""}], ""correct_answer"": ""c"", ""explanation"": ""Manusia adalah salah satu spesies yang hidup di Bumi.""}]}",84.9375,547,0.15527879341864717,1.1679835418426867,1,
"{""questions"": [{""id"": 1, ""type"": ""multiple_choice"", ""question"": ""Apa yang menyusun semua organisme hidup?"", ""options"": [{""id"": ""a"", ""text"": ""Sel""}, {""id"": ""b"", ""text"": ""Organ""}, {""id"": ""c"", ""text"": ""Tissue""}, {""id"": ""d"", ""text"": ""Organisme""}], ""correct_answer"": ""a"", ""explanation"": ""Semua organisme hidup tersusun atas sel.""}, {""id"": 2, ""type"": ""true_false"", ""question"": ""Sel tumbuhan dan sel hewan memiliki perbedaan yang sama."", ""correct_answer"": false, ""explanation"": ""Sel tumbuhan dan sel hewan memiliki beberapa perbedaan, seperti dinding sel dan kloroplas.""}, {""id"": 3, ""type"": ""multiple_choice"", ""question"": ""Apa fungsi kloroplas?"", ""options"": [{""id"": ""a"", ""text"": ""Membangkit tenaga""}, {""id"": ""b"", ""text"": ""Membuat protein""}, {""id"": ""c"", ""text"": ""Mengangkut zat""}, {""id"": ""d"", ""text"": ""Menghasilkan energi dari cahaya""}], ""correct_answer"": ""d"", ""explanation"": ""Kloroplas digunakan untuk fotosintesis, mengubah energi cahaya menjadi energi kimia.""}, {""id"": 4, ""type"": ""multibox"", ""question"": ""Manakah organel yang ditemukan di semua sel?"", ""options"": [{""id"": ""a"", ""text"": ""Membran sel""}, {""id"": ""b"", ""text"": ""Sitoplasma""}, {""id"": ""c"", ""text"": ""Nukleus""}, {""id"": ""d"", ""text"": ""Mitokondria""}, {""id"": ""e"", ""text"": ""Ribosom""}, {""id"": ""f"", ""text"": ""Retikulum endoplasma""}], ""correct_answer"": [""a"", ""b"", ""c"", ""e""], ""explanation"": ""Membran sel, sitoplasma, nukleus, ribosom, dan retikulum endoplasma ditemukan di semua sel.""}, {""id"": 5, ""type"": ""multiple_choice"", ""question"": ""Bagaimana sel bereproduksi?"", ""options"": [{""id"": ""a"", ""text"": ""Membelah menjadi dua sel anak""}, {""id"": ""b"", ""text"": ""Menggabungkan dengan sel lain""}, {""id"": ""c"", ""text"": ""Menghasilkan spora""}, {""id"": ""d"", ""text"": ""Mengubah bentuknya""}], ""correct_answer"": ""a"", ""explanation"": ""Sel bereproduksi dengan membelah menjadi dua sel anak yang identik melalui proses mitosis.""}]}",101.25,520,0.19471153846153846,1.2149604665710467,1,
"{""questions"": [{""id"": 1, ""type"": ""multiple_choice"", ""question"": ""Apa rumus kimia air?"", ""options"": [{""id"": ""a"", ""text"": ""H2O""}, {""id"": ""b"", ""text"": ""H2O2""}, {""id"": ""c"", ""text"": ""HO""}, {""id"": ""d"", ""text"": ""H2""}], ""correct_answer"": ""a"", ""explanation"": ""Rumus kimia air adalah H2O.""}, {""id"": 2, ""type"": ""true_false"", ""question"": ""Air adalah pelarut universal."", ""correct_answer"": true, ""explanation"": ""Air dapat melarutkan banyak zat, menjadikannya pelarut universal.""}, {""id"": 3, ""type"": ""multiple_choice"", ""question"": ""Apa yang menyebabkan air membentuk tetesan?"", ""options"": [{""id"": ""a"", ""text"": ""Tegangan permukaan yang tinggi""}, {""id"": ""b"", ""text"": ""Berat jenis yang tinggi""}, {""id"": ""c"", ""text"": ""Titik didih yang tinggi""}, {""id"": ""d"", ""text"": ""Kalor jenis yang tinggi""}], ""correct_answer"": ""a"", ""explanation"": ""Tegangan permukaan yang tinggi menyebabkan air membentuk tetesan.""}, {""id"": 4, ""type"": ""multibox"", ""question"": ""Apa saja kegunaan air bagi kehidupan?"", ""options"": [{""id"": ""a"", ""text"": ""Pembentukan tumbuhan""}, {""id"": ""b"", ""text"": ""Pengaturan suhu tubuh hewan""}, {""id"": ""c"", ""text"": ""Pembakaran bahan bakar""}, {""id"": ""d"", ""text"": ""Pengangkutan nutrisi""}], ""correct_answer"": [""a"", ""b"", ""d""], ""explanation"": ""Air digunakan oleh tumbuhan untuk fotosintesis, oleh hewan untuk mengatur suhu tubuh dan mengangkut nutrisi, dan oleh manusia untuk berbagai keperluan.""}, {""id"": 5, ""type"": ""multiple_choice"", ""question"": ""Apa persentase air tawar di Bumi?"", ""options"": [{""id"": ""a"", ""text"": ""2.5%""}, {""id"": ""b"", ""text"": ""25%""}, {""id"": ""c"", ""text"": ""50%""}, {""id"": ""d"", ""text"": ""75%""}], ""correct_answer"": ""a"", ""explanation"": ""Sebagian besar air di Bumi adalah air asin, dan hanya sekitar 2,5% yang merupakan air tawar.""}]}",114.125,563,0.20270870337477798,1.2247156607427803,1,
"{""questions"": [{""id"": 1, ""type"": ""multiple_choice"", ""question"": ""Apa komponen utama udara?"", ""options"": [{""id"": ""a"", ""text"": ""Nitrogen, oksigen, dan argon""}, {""id"": ""b"", ""text"": ""Helium, hidrogen, dan neon""}, {""id"": ""c"", ""text"": ""Karbon dioksida, oksigen, dan nitrogen""}, {""id"": ""d"", ""text"": ""Uap air, debu, dan polutan""}], ""correct_answer"": ""a"", ""explanation"": ""Nitrogen, oksigen, dan argon adalah komponen utama udara.""}, {""id"": 2, ""type"": ""true_false"", ""question"": ""Udara penting untuk kehidupan di Bumi."", ""correct_answer"": true, ""explanation"": ""Udara penting untuk fotosintesis, respirasi, dan melindungi kehidupan dari radiasi.""}, {""id"": 3, ""type"": ""multiple_choice"", ""question"": ""Apa yang dilindungi oleh lapisan ozon?"", ""options"": [{""id"": ""a"", ""text"": ""Sinar ultraviolet""}, {""id"": ""b"", ""text"": ""Sinar merah""}, {""id"": ""c"", ""text"": ""Sinar biru""}, {""id"": ""d"", ""text"": ""Sinar merah dan biru""}], ""correct_answer"": ""a"", ""explanation"": ""Lapisan ozon menyerap radiasi ultraviolet.""}, {""id"": 4, ""type"": ""multibox"", ""question"": ""Apa saja dampak polusi udara?"", ""options"": [{""id"": ""a"", ""text"": ""Asma""}, {""id"": ""b"", ""text"": ""Penyakit jantung""}, {""id"": ""c"", ""text"": ""Kerusakan lingkungan""}, {""id"": ""d"", ""text"": ""Semua jawaban di atas""}], ""correct_answer"": [""a"", ""b"", ""c""], ""explanation"": ""Polusi udara dapat menyebabkan asma, penyakit jantung, dan kerusakan lingkungan.""}, {""id"": 5, ""type"": ""multiple_choice"", ""question"": ""Apa yang dimaksud dengan fotosintesis?"", ""options"": [{""id"": ""a"", ""text"": ""Proses di mana tumbuhan mengubah karbon dioksida menjadi oksigen""}, {""id"": ""b"", ""text"": ""Proses di mana hewan mengubah oksigen menjadi karbon dioksida""}, {""id"": ""c"", ""text"": ""Proses di mana air mengubah fase dari cair menjadi gas""}, {""id"": ""d"", ""text"": ""Proses di mana tanah mengubah mineral menjadi tanah""}], ""correct_answer"": ""a"", ""explanation"": ""Fotosintesis adalah proses di mana tumbuhan menggunakan energi matahari untuk mengubah karbon dioksida menjadi oksigen dan gula.""}]}",131.875,556,0.23718525179856115,1.267675935271432,1,
"{""questions"": [{""id"": 1, ""type"": ""multiple_choice"", ""question"": ""Apa yang dimaksudkan dengan 'neural network' dalam deep learning?"", ""options"": [{""id"": ""a"", ""text"": ""Jaringan saraf buatan yang terdiri dari lapisan-lapisan neuron yang terhubung.""}, {""id"": ""b"", ""text"": ""Algoritma optimasi untuk memperbarui bobot-bobot dalam neural network.""}, {""id"": ""c"", ""text"": ""Representasi numerik dari gambar.""}, {""id"": ""d"", ""text"": ""Struktur dua dimensi yang merepresentasikan bobot koneksi antar lapisan.""}], ""correct_answer"": ""a"", ""explanation"": ""Neural network adalah jaringan saraf buatan yang terdiri dari lapisan-lapisan neuron yang terhubung.""}, {""id"": 2, ""type"": ""true_false"", ""question"": ""Vektor adalah kumpulan angka yang disusun dalam urutan tertentu."", ""correct_answer"": true, ""explanation"": ""Vektor adalah kumpulan angka yang disusun dalam urutan tertentu, misalnya dalam pengolahan gambar.""}, {""id"": 3, ""type"": ""multiple_choice"", ""question"": ""Apa yang digunakan untuk merepresentasikan bobot koneksi antar lapisan dalam neural network?"", ""options"": [{""id"": ""a"", ""text"": ""Vektor""}, {""id"": ""b"", ""text"": ""Matriks""}, {""id"": ""c"", ""text"": ""Fungsi""}, {""id"": ""d"", ""text"": ""Algoritma""}], ""correct_answer"": ""b"", ""explanation"": ""Matriks digunakan untuk merepresentasikan bobot koneksi antar lapisan dalam neural network.""}, {""id"": 4, ""type"": ""multibox"", ""question"": ""Manakah yang merupakan jenis neural network?"", ""options"": [{""id"": ""a"", ""text"": ""CNN""}, {""id"": ""b"", ""text"": ""RNN""}, {""id"": ""c"", ""text"": ""SVM""}, {""id"": ""d"", ""text"": ""ANN""}], ""correct_answer"": [""a"", ""b""], ""explanation"": ""CNN dan RNN adalah jenis neural network. CNN digunakan untuk gambar, sedangkan RNN digunakan untuk data sekuensial.""}, {""id"": 5, ""type"": ""multiple_choice"", ""question"": ""Apa yang digunakan dalam Transformer untuk memperhatikan hubungan antar kata dalam suatu kalimat?"", ""options"": [{""id"": ""a"", ""text"": ""Backpropagation""}, {""id"": ""b"", ""text"": ""Self-attention""}, {""id"": ""c"", ""text"": ""Forward propagation""}, {""id"": ""d"", ""text"": ""Gradient descent""}], ""correct_answer"": ""b"", ""explanation"": ""Transformer menggunakan mekanisme self-attention untuk memperhatikan hubungan antar kata dalam suatu kalimat.""}]}",191.75,727,0.2637551581843191,1.3018094198955519,1,
"{""questions"": [{""id"": 1, ""type"": ""multiple_choice"", ""question"": ""Apa yang dimaksud dengan deep learning dalam konteks machine learning?"", ""options"": [{""id"": ""a"", ""text"": ""Subbidang machine learning yang berfokus pada algoritma yang terinspirasi oleh struktur dan fungsi otak.""}, {""id"": ""b"", ""text"": ""Metode untuk mengotomatiskan tugas-tugas yang biasa dilakukan manusia.""}, {""id"": ""c"", ""text"": ""Teknik untuk menganalisis data statistik.""}, {""id"": ""d"", ""text"": ""Algoritma untuk mengoptimalkan fungsi.""}], ""correct_answer"": ""a"", ""explanation"": ""Deep learning adalah subbidang machine learning yang berfokus pada algoritma yang terinspirasi oleh otak.""}, {""id"": 2, ""type"": ""true_false"", ""question"": ""ANN terdiri dari satu lapisan neuron."", ""correct_answer"": false, ""explanation"": ""ANN terdiri dari banyak lapisan neuron.""}, {""id"": 3, ""type"": ""multiple_choice"", ""question"": ""Apa yang digunakan untuk mencegah overfitting dalam deep learning?"", ""options"": [{""id"": ""a"", ""text"": ""Dropout""}, {""id"": ""b"", ""text"": ""Weight decay""}, {""id"": ""c"", ""text"": ""Gradient descent""}, {""id"": ""d"", ""text"": ""All of the above""}], ""correct_answer"": ""d"", ""explanation"": ""Dropout dan weight decay adalah teknik regularisasi yang digunakan untuk mencegah overfitting.""}, {""id"": 4, ""type"": ""multibox"", ""question"": ""Manakah yang merupakan jenis ANN?"", ""options"": [{""id"": ""a"", ""text"": ""CNN""}, {""id"": ""b"", ""text"": ""RNN""}, {""id"": ""c"", ""text"": ""ANN""}, {""id"": ""d"", ""text"": ""SVM""}], ""correct_answer"": [""a"", ""b"", ""c""], ""explanation"": ""CNN dan RNN adalah jenis ANN.""}, {""id"": 5, ""type"": ""multiple_choice"", ""question"": ""Apa yang dimaksud dengan transfer learning?"", ""options"": [{""id"": ""a"", ""text"": ""Menggunakan kembali model yang telah dilatih pada tugas baru dengan data yang terbatas.""}, {""id"": ""b"", ""text"": ""Menggunakan data augmentation untuk meningkatkan ukuran data pelatihan.""}, {""id"": ""c"", ""text"": ""Menggunakan metrik evaluasi untuk mengukur kinerja model.""}, {""id"": ""d"", ""text"": ""Menggunakan framework deep learning untuk membangun dan melatih model.""}], ""correct_answer"": ""a"", ""explanation"": ""Transfer learning memungkinkan penggunaan kembali model yang telah dilatih pada tugas baru.""}]}",271.25,698,0.3886103151862464,1.4749296816330468,1,
"{""questions"": [{""id"": 1, ""type"": ""multiple_choice"", ""question"": ""Jelaskan prinsip dasar jaringan saraf tiruan (ANN) dan bagaimana mereka digunakan dalam deep learning."", ""options"": [{""id"": ""a"", ""text"": ""ANN adalah model komputasi yang terdiri dari banyak lapisan yang saling terhubung, yang memproses informasi melalui aktivasi neuron.""}, {""id"": ""b"", ""text"": ""ANN hanya digunakan untuk tugas klasifikasi.""}, {""id"": ""c"", ""text"": ""ANN tidak dapat digunakan untuk memproses data sekuensial.""}, {""id"": ""d"", ""text"": ""ANN adalah model yang hanya cocok untuk data grid-like.""}], ""correct_answer"": ""a"", ""explanation"": ""ANN adalah dasar dari deep learning, memungkinkan pemrosesan data yang kompleks dan hierarkis.""}, {""id"": 2, ""type"": ""true_false"", ""question"": ""CNNs hanya cocok untuk tugas klasifikasi."", ""correct_answer"": false, ""explanation"": ""CNNs dirancang untuk memproses data grid-like, seperti gambar, dan cocok untuk tugas seperti klasifikasi, deteksi, dan segmentasi.""}, {""id"": 3, ""type"": ""multiple_choice"", ""question"": ""Bagaimana LSTM networks memungkinkan RNN untuk mempelajari dependensi jangka panjang dalam data sekuensial?"", ""options"": [{""id"": ""a"", ""text"": ""Dengan menggunakan koneksi berulang.""}, {""id"": ""b"", ""text"": ""Dengan memecahkan masalah jangka panjang menjadi masalah jangka pendek.""}, {""id"": ""c"", ""text"": ""Dengan menyimpan informasi dari langkah waktu sebelumnya dalam state.""}, {""id"": ""d"", ""text"": ""Dengan menggunakan algoritma yang berbeda.""}], ""correct_answer"": ""c"", ""explanation"": ""LSTM networks menyimpan informasi dari langkah waktu sebelumnya dalam state, memungkinkan mereka untuk mempelajari dependensi jangka panjang.""}, {""id"": 4, ""type"": ""multibox"", ""question"": ""Manakah yang merupakan fungsi aktivasi yang umum digunakan dalam deep learning?"", ""options"": [{""id"": ""a"", ""text"": ""ReLU""}, {""id"": ""b"", ""text"": ""Sigmoid""}, {""id"": ""c"", ""text"": ""Tanh""}, {""id"": ""d"", ""text"": ""Softmax""}], ""correct_answer"": [""a"", ""b"", ""c""], ""explanation"": ""ReLU, sigmoid, dan tanh adalah fungsi aktivasi umum digunakan dalam deep learning. Softmax digunakan pada lapisan output untuk multi-class classification.""}, {""id"": 5, ""type"": ""multiple_choice"", ""question"": ""Apa yang dimaksudkan dengan overfitting dalam deep learning?"", ""options"": [{""id"": ""a"", ""text"": ""Model terlalu cocok dengan data pelatihan dan berkinerja buruk pada data yang tidak terlihat.""}, {""id"": ""b"", ""text"": ""Model tidak mencerminkan data pelatihan dengan baik.""}, {""id"": ""c"", ""text"": ""Model terlalu sederhana dan tidak dapat menangkap variancian data.""}, {""id"": ""d"", ""text"": ""Model terlalu kompleks dan memecah data pelatihan.""}], ""correct_answer"": ""a"", ""explanation"": ""Overfitting terjadi ketika model terlalu cocok dengan noise dalam data pelatihan dan tidak umum pada data yang tidak terlihat.""}]}",219.375,705,0.31117021276595747,1.36502154550617,1,
"{""questions"": [{""id"": 1, ""type"": ""multiple_choice"", ""question"": ""Apa yang dimaksudkan dengan inflasi?"", ""options"": [{""id"": ""a"", ""text"": ""Penurunan harga barang dan jasa""}, {""id"": ""b"", ""text"": ""Kenaikan harga barang dan jasa secara umum dan terus-menerus""}, {""id"": ""c"", ""text"": ""Stabilisasi harga barang dan jasa""}, {""id"": ""d"", ""text"": ""Penurunan produksi barang dan jasa""}], ""correct_answer"": ""b"", ""explanation"": ""Inflasi adalah kenaikan harga barang dan jasa secara umum dan terus-menerus.""}, {""id"": 2, ""type"": ""true_false"", ""question"": ""Pemerintah menggunakan kebijakan fiskal untuk mengendalikan inflasi."", ""correct_answer"": true, ""explanation"": ""Pemerintah dapat menggunakan kebijakan fiskal untuk memengaruhi inflasi, meskipun kebijakan moneter lebih efektif untuk mengendalikan inflasi.""}, {""id"": 3, ""type"": ""multiple_choice"", ""question"": ""Apa yang dimaksudkan dengan akuntansi biaya?"", ""options"": [{""id"": ""a"", ""text"": ""Pencatatan, pengklasifikasian, dan pengikhtisaran transaksi keuangan""}, {""id"": ""b"", ""text"": ""Melacak biaya produksi barang atau jasa""}, {""id"": ""c"", ""text"": ""Menganalisis kinerja keuangan suatu organisasi""}, {""id"": ""d"", ""text"": ""Pemeriksaan independen atas laporan keuangan""}], ""correct_answer"": ""b"", ""explanation"": ""Akuntansi biaya adalah sistem akuntansi yang digunakan untuk melacak biaya produksi barang atau jasa.""}, {""id"": 4, ""type"": ""multibox"", ""question"": ""Manakah yang termasuk dalam instrumen pasar keuangan?"", ""options"": [{""id"": ""a"", ""text"": ""Saham""}, {""id"": ""b"", ""text"": ""Obligasi""}, {""id"": ""c"", ""text"": ""Komoditas""}, {""id"": ""d"", ""text"": ""Derivatif""}], ""correct_answer"": [""a"", ""b"", ""d""], ""explanation"": ""Saham, obligasi, dan derivatif adalah instrumen pasar keuangan. Komoditas adalah instrumen pasar berjangka.""}, {""id"": 5, ""type"": ""multiple_choice"", ""question"": ""Apa yang dimaksudkan dengan perencanaan pajak?"", ""options"": [{""id"": ""a"", ""text"": ""Penghindaran pajak""}, {""id"": ""b"", ""text"": ""Optimasi strategi pajak""}, {""id"": ""c"", ""text"": ""Penghindaran penghasilan""}, {""id"": ""d"", ""text"": ""Penghindaran pengeluaran""}], ""correct_answer"": ""b"", ""explanation"": ""Perencanaan pajak adalah proses mengoptimalkan strategi pajak.""}]}",249.625,815,0.3062883435582822,1.3583739284563607,1,
"{""questions"": [{""id"": 1, ""type"": ""multiple_choice"", ""question"": ""Apa fokus utama ekonomi mikro?"", ""options"": [{""id"": ""a"", ""text"": ""Perilaku individu, rumah tangga, dan perusahaan""}, {""id"": ""b"", ""text"": ""Perekonomian secara keseluruhan""}, {""id"": ""c"", ""text"": ""Perdagangan internasional""}, {""id"": ""d"", ""text"": ""Pertumbuhan ekonomi""}], ""correct_answer"": ""a"", ""explanation"": ""Ekonomi mikro berfokus pada perilaku individu, rumah tangga, dan perusahaan.""}, {""id"": 2, ""type"": ""true_false"", ""question"": ""Pasar saham adalah tempat investor membeli dan menjual saham perusahaan swasta."", ""correct_answer"": false, ""explanation"": ""Pasar saham adalah tempat investor membeli dan menjual saham perusahaan publik.""}, {""id"": 3, ""type"": ""multiple_choice"", ""question"": ""Apa yang dimaksud dengan diversifikasi portofolio?"", ""options"": [{""id"": ""a"", ""text"": ""Membeli saham dari satu perusahaan""}, {""id"": ""b"", ""text"": ""Membagi investasi di berbagai aset untuk mengurangi risiko""}, {""id"": ""c"", ""text"": ""Menginvestasikan seluruh dana di satu jenis aset""}, {""id"": ""d"", ""text"": ""Membeli obligasi dari satu penerbit""}], ""correct_answer"": ""b"", ""explanation"": ""Diversifikasi portofolio adalah strategi untuk mengurangi risiko dengan menyebarkan investasi di berbagai aset.""}, {""id"": 4, ""type"": ""multibox"", ""question"": ""Manakah yang termasuk dalam jenis investasi?"", ""options"": [{""id"": ""a"", ""text"": ""Saham""}, {""id"": ""b"", ""text"": ""Obligasi""}, {""id"": ""c"", ""text"": ""Properti""}, {""id"": ""d"", ""text"": ""Emas""}, {""id"": ""e"", ""text"": ""Komoditas""}], ""correct_answer"": [""a"", ""b"", ""c"", ""d"", ""e""], ""explanation"": ""Saham, obligasi, properti, emas, dan komoditas adalah jenis-jenis investasi.""}, {""id"": 5, ""type"": ""multiple_choice"", ""question"": ""Apa yang dimaksud dengan teori portofolio modern (MPT)?"", ""options"": [{""id"": ""a"", ""text"": ""Membangun portofolio investasi yang memaksimalkan pengembalian yang diharapkan untuk tingkat risiko tertentu""}, {""id"": ""b"", ""text"": ""Menghitung tingkat pengembalian yang diharapkan dari suatu aset berdasarkan risiko sistematisnya""}, {""id"": ""c"", ""text"": ""Menggunakan algoritma komputer untuk melakukan perdagangan di pasar keuangan""}, {""id"": ""d"", ""text"": ""Menggunakan bukti digital untuk merekam transaksi""}], ""correct_answer"": ""a"", ""explanation"": ""Teori portofolio modern (MPT) adalah kerangka kerja untuk membangun portofolio investasi yang memaksimalkan pengembalian yang diharapkan untuk tingkat risiko tertentu.""}]}",317.5,835,0.38023952095808383,1.4626348791892712,1,
"{""questions"": [{""id"": 1, ""type"": ""multiple_choice"", ""question"": ""Apa yang dimaksud dengan pasar modal?"", ""options"": [{""id"": ""a"", ""text"": ""Tempat di mana perusahaan menjual barang-barang mereka""}, {""id"": ""b"", ""text"": ""Tempat di mana perusahaan mengumpulkan modal""}, {""id"": ""c"", ""text"": ""Tempat di mana individu membeli barang-barang mereka""}, {""id"": ""d"", ""text"": ""Tempat di mana pemerintah mengumpulkan pajak""}], ""correct_answer"": ""b"", ""explanation"": ""Pasar modal adalah tempat di mana perusahaan mengumpulkan modal melalui penerbitan saham dan obligasi.""}, {""id"": 2, ""type"": ""true_false"", ""question"": ""Reksa dana menawarkan diversifikasi instan dan manajemen profesional."", ""correct_answer"": true, ""explanation"": ""Reksa dana memungkinkan investor untuk berinvestasi dalam portofolio yang diversifikasi tanpa perlu mengelola portofolio mereka sendiri.""}, {""id"": 3, ""type"": ""multiple_choice"", ""question"": ""Apa yang dimaksud dengan kebijakan fiskal?"", ""options"": [{""id"": ""a"", ""text"": ""Penggunaan suku bunga untuk mengendalikan inflasi""}, {""id"": ""b"", ""text"": ""Penggunaan pengeluaran dan perpajakan untuk memengaruhi perekonomian""}, {""id"": ""c"", ""text"": ""Penggunaan kebijakan moneter untuk mengendalikan inflasi""}, {""id"": ""d"", ""text"": ""Penggunaan kebijakan perdagangan untuk mengendalikan neraca perdagangan""}], ""correct_answer"": ""b"", ""explanation"": ""Kebijakan fiskal melibatkan penggunaan pengeluaran dan perpajakan untuk memengaruhi perekonomian.""}, {""id"": 4, ""type"": ""multibox"", ""question"": ""Manakah yang termasuk dalam instrumen derivatif?"", ""options"": [{""id"": ""a"", ""text"": ""Futures""}, {""id"": ""b"", ""text"": ""Obligasi""}, {""id"": ""c"", ""text"": ""Options""}, {""id"": ""d"", ""text"": ""Saham""}], ""correct_answer"": [""a"", ""c""], ""explanation"": ""Futures dan options adalah contoh instrumen derivatif. Obligasi dan saham adalah instrumen aset primer.""}, {""id"": 5, ""type"": ""multiple_choice"", ""question"": ""Apa yang dimaksud dengan PDB?"", ""options"": [{""id"": ""a"", ""text"": ""Nilai total barang dan jasa yang diproduksi dalam suatu negara""}, {""id"": ""b"", ""text"": ""Persentase angkatan kerja yang tidak memiliki pekerjaan""}, {""id"": ""c"", ""text"": ""Selisih antara nilai ekspor dan impor suatu negara""}, {""id"": ""d"", ""text"": ""Jumlah total utang pemerintah""}], ""correct_answer"": ""a"", ""explanation"": ""PDB adalah ukuran total produksi barang dan jasa dalam suatu negara.""}]}",273.5,745,0.36711409395973155,1.4435626114942621,1,
"{""questions"": [{""id"": 1, ""type"": ""multiple_choice"", ""question"": ""Apa yang dimaksudkan dengan \""bahasa bisnis\"" dalam konteks akuntansi?"", ""options"": [{""id"": ""a"", ""text"": ""Bahasa yang digunakan dalam komunikasi bisnis.""}, {""id"": ""b"", ""text"": ""Bahasa yang digunakan dalam akuntansi.""}, {""id"": ""c"", ""text"": ""Bahasa yang digunakan dalam perjanjian hukum.""}, {""id"": ""d"", ""text"": ""Bahasa yang digunakan dalam laporan keuangan.""}], ""correct_answer"": ""b"", ""explanation"": ""Akuntansi adalah bahasa bisnis karena menyediakan kerangka kerja untuk mencatat, menganalisis, dan mengkomunikasikan informasi keuangan.""}, {""id"": 2, ""type"": ""true_false"", ""question"": ""Prinsip akuntansi yang berlaku umum (GAAP) hanya berlaku di Amerika Serikat."", ""correct_answer"": false, ""explanation"": ""GAAP berlaku di banyak negara, meskipun IFRS juga umum digunakan secara global.""}, {""id"": 3, ""type"": ""multiple_choice"", ""question"": ""Apa yang dimaksudkan dengan analisis rasio keuangan?"", ""options"": [{""id"": ""a"", ""text"": ""Menganalisis kinerja keuangan dan mengidentifikasi tren.""}, {""id"": ""b"", ""text"": ""Menghitung biaya produksi.""}, {""id"": ""c"", ""text"": ""Membuat perencanaan keuangan.""}, {""id"": ""d"", ""text"": ""Mengaudit laporan keuangan.""}], ""correct_answer"": ""a"", ""explanation"": ""Analisis rasio keuangan digunakan untuk mengevaluasi kinerja keuangan dan mengidentifikasi tren.""}, {""id"": 4, ""type"": ""multibox"", ""question"": ""Manakah yang termasuk dalam bidang aplikasi akuntansi?"", ""options"": [{""id"": ""a"", ""text"": ""Akuntansi biaya""}, {""id"": ""b"", ""text"": ""Akuntansi manajemen""}, {""id"": ""c"", ""text"": ""Akuntansi forensik""}, {""id"": ""d"", ""text"": ""Akuntansi pemerintah""}], ""correct_answer"": [""a"", ""b"", ""c""], ""explanation"": ""Akuntansi biaya, akuntansi manajemen, dan akuntansi forensik adalah bidang aplikasi akuntansi.""}, {""id"": 5, ""type"": ""multiple_choice"", ""question"": ""Apa yang dimaksudkan dengan sistem informasi akuntansi (AIS)?"", ""options"": [{""id"": ""a"", ""text"": ""Sistem yang mengumpulkan, menyimpan, dan memproses data keuangan dan akuntansi.""}, {""id"": ""b"", ""text"": ""Sistem yang mengotomatiskan tugas-tugas akuntansi.""}, {""id"": ""c"", ""text"": ""Sistem yang digunakan untuk menganalisis data keuangan.""}, {""id"": ""d"", ""text"": ""Sistem yang digunakan untuk mengaudit laporan keuangan.""}], ""correct_answer"": ""a"", ""explanation"": ""AIS adalah sistem yang mengumpulkan, menyimpan, dan memproses data keuangan dan akuntansi.""}]}",220.625,694,0.3179034582132565,1.3742435828922492,1,
"{""questions"": [{""id"": 1, ""type"": ""multiple_choice"", ""question"": ""Apa yang dimaksud dengan perubahan iklim?"", ""options"": [{""id"": ""a"", ""text"": ""Perubahan jangka panjang dalam suhu dan pola cuaca.""}, {""id"": ""b"", ""text"": ""Perubahan musiman dalam suhu dan pola cuaca.""}, {""id"": ""c"", ""text"": ""Perubahan lokal dalam suhu dan pola cuaca.""}, {""id"": ""d"", ""text"": ""Perubahan dalam pola cuaca dalam jangka pendek.""}], ""correct_answer"": ""a"", ""explanation"": ""Perubahan iklim mengacu pada perubahan jangka panjang dalam suhu dan pola cuaca.""}, {""id"": 2, ""type"": ""true_false"", ""question"": ""Pembakaran bahan bakar fosil adalah penyebab utama perubahan iklim."", ""correct_answer"": true, ""explanation"": ""Pembakaran bahan bakar fosil, seperti batu bara, minyak, dan gas, adalah sumber utama emisi gas rumah kaca yang menyebabkan perubahan iklim.""}, {""id"": 3, ""type"": ""multiple_choice"", ""question"": ""Apa yang menyebabkan kenaikan permukaan laut?"", ""options"": [{""id"": ""a"", ""text"": ""Meningkatnya suhu global.""}, {""id"": ""b"", ""text"": ""Pembakaran bahan bakar fosil.""}, {""id"": ""c"", ""text"": ""Melarutnya es di gletser.""}, {""id"": ""d"", ""text"": ""Semua jawaban di atas.""}], ""correct_answer"": ""d"", ""explanation"": ""Kenaikan permukaan laut disebabkan oleh pencairan es di gletser dan lapisan es, yang dipicu oleh meningkatnya suhu global yang disebabkan oleh pembakaran bahan bakar fosil.""}, {""id"": 4, ""type"": ""multibox"", ""question"": ""Apa saja dampak perubahan iklim?"", ""options"": [{""id"": ""a"", ""text"": ""Naiknya permukaan laut""}, {""id"": ""b"", ""text"": ""Peristiwa cuaca ekstrem""}, {""id"": ""c"", ""text"": ""Perubahan pola curah hujan""}, {""id"": ""d"", ""text"": ""Peningkatan produksi pangan""}], ""correct_answer"": [""a"", ""b"", ""c""], ""explanation"": ""Dampak perubahan iklim termasuk naiknya permukaan laut, peristiwa cuaca ekstrem, dan perubahan pola curah hujan.""}, {""id"": 5, ""type"": ""multiple_choice"", ""question"": ""Apa peran IPCC?"", ""options"": [{""id"": ""a"", ""text"": ""Mengurangi emisi gas rumah kaca.""}, {""id"": ""b"", ""text"": ""Meninjau dan menilai informasi ilmiah tentang perubahan iklim.""}, {""id"": ""c"", ""text"": ""Membuat kebijakan iklim.""}, {""id"": ""d"", ""text"": ""Memprediksi kenaikan permukaan laut.""}], ""correct_answer"": ""b"", ""explanation"": ""IPCC bertugas meninjau dan menilai informasi ilmiah tentang perubahan iklim untuk memberikan informasi yang dapat digunakan oleh pemerintah untuk mengembangkan kebijakan.""}]}",300.25,865,0.3471098265895954,1.4149721183992656,1,
"{""questions"": [{""id"": 1, ""type"": ""multiple_choice"", ""question"": ""Apa yang dimaksudkan dengan perubahan iklim?"", ""options"": [{""id"": ""a"", ""text"": ""Perubahan jangka panjang dalam suhu dan pola cuaca Bumi.""}, {""id"": ""b"", ""text"": ""Perubahan musiman dalam suhu dan curah hujan.""}, {""id"": ""c"", ""text"": ""Perubahan iklim hanya disebabkan oleh aktivitas manusia.""}, {""id"": ""d"", ""text"": ""Perubahan iklim tidak berdampak pada lingkungan.""}], ""correct_answer"": ""a"", ""explanation"": ""Perubahan iklim mengacu pada perubahan jangka panjang dalam suhu dan pola cuaca Bumi.""}, {""id"": 2, ""type"": ""true_false"", ""question"": ""Perubahan iklim disebabkan oleh proses alami saja."", ""correct_answer"": false, ""explanation"": ""Meskipun ada kontribusi dari proses alami, aktivitas manusia adalah pendorong utama perubahan iklim.""}, {""id"": 3, ""type"": ""multiple_choice"", ""question"": ""Apa yang dimaksudkan dengan gas rumah kaca?"", ""options"": [{""id"": ""a"", ""text"": ""Gas yang memerangkap panas di atmosfer.""}, {""id"": ""b"", ""text"": ""Gas yang mendinginkan atmosfer.""}, {""id"": ""c"", ""text"": ""Gas yang menghasilkan oksigen.""}, {""id"": ""d"", ""text"": ""Gas yang menghasilkan nitrogen.""}], ""correct_answer"": ""a"", ""explanation"": ""Gas rumah kaca memerangkap panas, menyebabkan pemanasan global.""}, {""id"": 4, ""type"": ""multibox"", ""question"": ""Apa saja dampak perubahan iklim?"", ""options"": [{""id"": ""a"", ""text"": ""Kenaikan permukaan laut""}, {""id"": ""b"", ""text"": ""Peristiwa cuaca ekstrem""}, {""id"": ""c"", ""text"": ""Perubahan pola curah hujan""}, {""id"": ""d"", ""text"": ""Penurunan suhu global""}], ""correct_answer"": [""a"", ""b"", ""c""], ""explanation"": ""Kenaikan permukaan laut, peristiwa cuaca ekstrem, dan perubahan pola curah hujan adalah dampak perubahan iklim.""}, {""id"": 5, ""type"": ""multiple_choice"", ""question"": ""Apa tujuan dari Perjanjian Paris?"", ""options"": [{""id"": ""a"", ""text"": ""Membatasi pemanasan global hingga 2 derajat Celcius.""}, {""id"": ""b"", ""text"": ""Meningkatkan emisi gas rumah kaca.""}, {""id"": ""c"", ""text"": ""Mengurangi emisi gas rumah kaca dan membatasi pemanasan global.""}, {""id"": ""d"", ""text"": ""Mengabaikan perubahan iklim.""}], ""correct_answer"": ""c"", ""explanation"": ""Perjanjian Paris bertujuan untuk mengurangi emisi gas rumah kaca dan membatasi pemanasan global.""}]}",216.5,760,0.2848684210526316,1.3295870709441562,1,
"{""questions"": [{""id"": 1, ""type"": ""multiple_choice"", ""question"": ""Apa yang dimaksudkan dengan perubahan iklim?"", ""options"": [{""id"": ""a"", ""text"": ""Perubahan jangka panjang dalam suhu dan pola cuaca.""}, {""id"": ""b"", ""text"": ""Perubahan musiman dalam suhu.""}, {""id"": ""c"", ""text"": ""Perubahan musiman dalam curah hujan.""}, {""id"": ""d"", ""text"": ""Perubahan musiman dalam angin.""}], ""correct_answer"": ""a"", ""explanation"": ""Perubahan iklim mengacu pada pergeseran jangka panjang dalam suhu dan pola cuaca.""}, {""id"": 2, ""type"": ""true_false"", ""question"": ""Pemanasan global disebabkan oleh alami."", ""correct_answer"": false, ""explanation"": ""Pemanasan global sebagian besar disebabkan oleh aktivitas manusia.""}, {""id"": 3, ""type"": ""multiple_choice"", ""question"": ""Gas apa yang paling banyak diangkut oleh efek rumah kaca?"", ""options"": [{""id"": ""a"", ""text"": ""Oksigen""}, {""id"": ""b"", ""text"": ""Nitrogen""}, {""id"": ""c"", ""text"": ""Karbon dioksida""}, {""id"": ""d"", ""text"": ""Udara""}], ""correct_answer"": ""c"", ""explanation"": ""Karbon dioksida adalah gas rumah kaca yang paling banyak diangkut oleh efek rumah kaca.""}, {""id"": 4, ""type"": ""multibox"", ""question"": ""Apa saja gas rumah kaca utama yang dilepaskan oleh aktivitas manusia?"", ""options"": [{""id"": ""a"", ""text"": ""Karbon dioksida""}, {""id"": ""b"", ""text"": ""Oksigen""}, {""id"": ""c"", ""text"": ""Metana""}, {""id"": ""d"", ""text"": ""Nitrogen""}], ""correct_answer"": [""a"", ""c""], ""explanation"": ""Gas rumah kaca utama yang dilepaskan oleh aktivitas manusia adalah karbon dioksida dan metana.""}, {""id"": 5, ""type"": ""multiple_choice"", ""question"": ""Apa yang dimaksud dengan mitigasi dalam konteks perubahan iklim?"", ""options"": [{""id"": ""a"", ""text"": ""Mengurangi emisi gas rumah kaca""}, {""id"": ""b"", ""text"": ""Menyesuaikan diri dengan dampak perubahan iklim""}, {""id"": ""c"", ""text"": ""Mengurangi dampak perubahan iklim""}, {""id"": ""d"", ""text"": ""Mengurangi polusi udara""}], ""correct_answer"": ""a"", ""explanation"": ""Mitigasi dalam perubahan iklim berarti mengurangi emisi gas rumah kaca untuk mengurangi pemanasan global.""}]}",309.5,851,0.363689776733255,1.4386278490942355,1,
"{""questions"": [{""id"": 1, ""type"": ""multiple_choice"", ""question"": ""Jika sebuah model yang dilatih untuk mengenali wajah memiliki akurasi 90% pada dataset sumber dan kita ingin meningkatkan akurasi pada dataset target dengan 1000 gambar, tetapi hanya 100 gambar yang tersedia pada dataset target, apakah lebih baik untuk menggunakan fine-tuning atau frozen feature extraction?"", ""options"": [{""id"": ""a"", ""text"": ""Fine-tuning""}, {""id"": ""b"", ""text"": ""Frozen feature extraction""}, {""id"": ""c"", ""text"": ""Tidak perlu transfer learning""}, {""id"": ""d"", ""text"": ""Tidak dapat dinilai""}], ""correct_answer"": ""b"", ""explanation"": ""Karena dataset target terlalu kecil, frozen feature extraction lebih cocok untuk menghindari overfitting.""}, {""id"": 2, ""type"": ""true_false"", ""question"": ""Backpropagation hanya digunakan untuk memperbarui bobot jaringan."", ""correct_answer"": false, ""explanation"": ""Backpropagation juga digunakan untuk menghitung gradien dari fungsi kerugian.""}, {""id"": 3, ""type"": ""multiple_choice"", ""question"": ""Apa kepanjangan dari BERT?"", ""options"": [{""id"": ""a"", ""text"": ""Bidirectional Encoder Representations from Transformers""}, {""id"": ""b"", ""text"": ""Bidirectional Encoder Representations from Traditional Networks""}, {""id"": ""c"", ""text"": ""Bidirectional Encoder Representations from Traditional Experts""}, {""id"": ""d"", ""text"": ""Bidirectional Encoder Representations from Transformers Experts""}], ""correct_answer"": ""a"", ""explanation"": ""BERT adalah model transformer yang dikembangkan oleh Google.""}, {""id"": 4, ""type"": ""multibox"", ""question"": ""Manakah yang merupakan varian dari gradient descent?"", ""options"": [{""id"": ""a"", ""text"": ""SGD""}, {""id"": ""b"", ""text"": ""Momentum""}, {""id"": ""c"", ""text"": ""Adam""}, {""id"": ""d"", ""text"": ""RMSProp""}], ""correct_answer"": [""a"", ""b"", ""c""], ""explanation"": ""SGD, momentum, dan Adam adalah varian dari gradient descent.""}, {""id"": 5, ""type"": ""multiple_choice"", ""question"": ""Apa yang dimaksudkan dengan self-attention dalam transformer?"", ""options"": [{""id"": ""a"", ""text"": ""Mekanisme yang memungkinkan model untuk memproses input secara berurutan""}, {""id"": ""b"", ""text"": ""Mekanisme yang memungkinkan model untuk mempertimbangkan hubungan antara semua kata dalam sebuah kalimat""}, {""id"": ""c"", ""text"": ""Mekanisme yang memungkinkan model untuk mempelajari dari data yang ada""}, {""id"": ""d"", ""text"": ""Mekanisme yang memungkinkan model untuk menghasilkan output""}], ""correct_answer"": ""b"", ""explanation"": ""Self-attention memungkinkan model untuk mempertimbangkan hubungan antara semua kata dalam sebuah kalimat secara paralel.""}]}",273.25,767,0.35625814863103,1.4279761307705652,1,
"{""questions"": [{""id"": 1, ""type"": ""multiple_choice"", ""question"": ""Jika sebuah CNN memiliki 3 lapisan konvolusi dengan 32 filter pada lapisan pertama (5x5), 64 filter pada lapisan kedua (3x3), dan 128 filter pada lapisan ketiga (3x3), berapa banyak parameter dalam jaringan?"", ""options"": [{""id"": ""a"", ""text"": ""32*5*5 + 64*3*3 + 128*3*3 = 8000""}, {""id"": ""b"", ""text"": ""32*5*5 + 64*3*3 + 128*3*3 = 8000 + 64*3*3 + 128*3*3 = 8000 + 1152 + 1152 = 10304""}, {""id"": ""c"", ""text"": ""32*5*5 + 64*3*3 + 128*3*3 = 8000""}, {""id"": ""d"", ""text"": ""32*5*5 + 64*3*3 + 128*3*3 = 8000 + 64*3*3 + 128*3*3 = 8000 + 1152 + 1152 = 10304 + 64*3*3 = 10304 + 1152 = 11456""}], ""correct_answer"": ""b"", ""explanation"": ""Jumlah parameter dalam lapisan pertama adalah 32*5*5 = 8000.  Jumlah parameter dalam lapisan kedua adalah 64*3*3 = 576.  Jumlah parameter dalam lapisan ketiga adalah 128*3*3 = 1152.  Jumlah total parameter adalah 8000 + 576 + 1152 = 10628.""}, {""id"": 2, ""type"": ""true_false"", ""question"": ""LSTM dan GRU mengatasi masalah vanishing gradient dengan cara yang sama."", ""correct_answer"": false, ""explanation"": ""LSTM menggunakan mekanisme sel lama dan gate untuk mengingat informasi, sedangkan GRU menggunakan gate input dan output untuk mengontrol aliran informasi.""}, {""id"": 3, ""type"": ""multiple_choice"", ""question"": ""Jika learning rate dalam gradient descent adalah 0.01 dan gradien dari fungsi kerugian adalah -0.05, berapa perubahan nilai parameter pada iterasi ini?"", ""options"": [{""id"": ""a"", ""text"": ""-0.05""}, {""id"": ""b"", ""text"": ""0.005""}, {""id"": ""c"", ""text"": ""-0.0005""}, {""id"": ""d"", ""text"": ""0.0005""}], ""correct_answer"": ""b"", ""explanation"": ""Perubahan nilai parameter = learning rate * gradien = 0.01 * -0.05 = -0.0005.""}, {""id"": 4, ""type"": ""multibox"", ""question"": ""Manakah yang merupakan teknik regularisasi?"", ""options"": [{""id"": ""a"", ""text"": ""L1 regularization""}, {""id"": ""b"", ""text"": ""Dropout""}, {""id"": ""c"", ""text"": ""Early stopping""}, {""id"": ""d"", ""text"": ""Batch normalization""}], ""correct_answer"": [""a"", ""b"", ""c""], ""explanation"": ""L1 regularization, dropout, dan early stopping adalah teknik regularisasi. Batch normalization adalah teknik lain yang digunakan dalam deep learning, tetapi bukan teknik regularisasi.""}, {""id"": 5, ""type"": ""multiple_choice"", ""question"": ""Jika sebuah dataset memiliki 1000 gambar, dan kita melakukan flipping, cropping, dan rotation pada setiap gambar, berapa banyak data augmentation yang dihasilkan?"", ""options"": [{""id"": ""a"", ""text"": ""1000""}, {""id"": ""b"", ""text"": ""2000""}, {""id"": ""c"", ""text"": ""3000""}, {""id"": ""d"", ""text"": ""6000""}], ""correct_answer"": ""d"", ""explanation"": ""Jika kita melakukan flipping, cropping, dan rotation, maka setiap gambar dapat diubah menjadi 3 kali lipat.  Jadi, 1000 gambar dapat diubah menjadi 1000 * 3 = 3000 data augmentation.""}]}",196.5,687,0.28602620087336245,1.3311273314940375,1,
"{""questions"": [{""id"": 1, ""type"": ""multiple_choice"", ""question"": ""Jelaskan secara rinci bagaimana backpropagation bekerja dalam konteks deep learning, termasuk forward pass dan backward pass, dan bagaimana gradien dihitung dan digunakan untuk memperbarui bobot jaringan. Bagaimana backpropagation memungkinkan jaringan untuk belajar dari data dan meningkatkan keakuratan seiring waktu?"", ""options"": [{""id"": ""a"", ""text"": ""Backpropagation menggunakan forward pass untuk menghasilkan output dan backward pass untuk memperbarui bobot. Gradien dihitung dari fungsi kerugian dan digunakan untuk mengubah bobot jaringan. Ini memungkinkan jaringan untuk belajar dari data dan meningkatkan keakuratan.""}, {""id"": ""b"", ""text"": ""Backpropagation hanya digunakan untuk memprediksi output.""}, {""id"": ""c"", ""text"": ""Backpropagation tidak menggunakan gradien.""}, {""id"": ""d"", ""text"": ""Backpropagation hanya digunakan untuk data berbentuk vektor.""}], ""correct_answer"": ""a"", ""explanation"": ""Backpropagation adalah algoritma kunci dalam deep learning yang memungkinkan jaringan untuk belajar dari data.""}, {""id"": 2, ""type"": ""true_false"", ""question"": ""Transformer, yang menggunakan mekanisme self-attention, telah menggantikan sepenuhnya model RNN dalam NLP, dan tidak ada lagi penggunaan RNN dalam NLP."", ""correct_answer"": false, ""explanation"": ""Meskipun Transformer telah merevolusi NLP, RNN masih digunakan dalam beberapa aplikasi tertentu, terutama untuk data sekuensial dengan dependensi jangka pendek.""}, {""id"": 3, ""type"": ""multiple_choice"", ""question"": ""Bagaimana perhitungan gradien digunakan dalam deep learning, dan mengapa gradien penting dalam optimisasi? Berikan contoh spesifik dari bagaimana gradien digunakan dalam gradient descent untuk memperbarui bobot jaringan."", ""options"": [{""id"": ""a"", ""text"": ""Gradien mengukur seberapa besar perubahan dalam input mempengaruhi output. Dalam gradient descent, gradien digunakan untuk memperbarui bobot jaringan ke arah negatif dari gradien, mengarah ke minimum fungsi kerugian.""}, {""id"": ""b"", ""text"": ""Gradien tidak digunakan dalam deep learning.""}, {""id"": ""c"", ""text"": ""Gradien digunakan untuk memperbarui data training.""}, {""id"": ""d"", ""text"": ""Gradien hanya digunakan dalam forward pass.""}], ""correct_answer"": ""a"", ""explanation"": ""Gradien penting dalam deep learning untuk optimisasi, terutama dalam gradient descent.""}, {""id"": 4, ""type"": ""multibox"", ""question"": ""Jelaskan secara rinci bagaimana data augmentation meningkatkan kualitas model deep learning, dan berikan contoh spesifik dari teknik data augmentation yang dapat digunakan dalam NLP dan computer vision. Bagaimana data augmentation membantu mencegah overfitting dan meningkatkan generalisasi?"", ""options"": [{""id"": ""a"", ""text"": ""Data augmentation meningkatkan ukuran dataset dengan mengubah data yang ada, mencegah overfitting, dan meningkatkan generalisasi.""}, {""id"": ""b"", ""text"": ""Data augmentation hanya digunakan dalam computer vision.""}, {""id"": ""c"", ""text"": ""Data augmentation tidak meningkatkan kualitas model.""}, {""id"": ""d"", ""text"": ""Data augmentation hanya digunakan untuk meningkatkan kecepatan pelatihan.""}], ""correct_answer"": [""a""], ""explanation"": ""Data augmentation sangat penting dalam deep learning untuk mencegah overfitting dan meningkatkan generalisasi.""}, {""id"": 5, ""type"": ""multiple_choice"", ""question"": ""Bagaimana representasi matriks digunakan dalam deep learning, dan bagaimana operasi matriks, seperti perkalian dan transposisi, digunakan dalam forward dan backward pass? Berikan contoh spesifik dari bagaimana matriks digunakan dalam perhitungan deep learning, seperti dalam forward pass dan backward pass dalam jaringan saraf tiruan."", ""options"": [{""id"": ""a"", ""text"": ""Data input, bobot jaringan, dan aktivasi neuron direpresentasikan sebagai matriks. Operasi matriks digunakan untuk menghitung output dan memperbarui bobot. Matriks memungkinkan komputasi paralel dan efisiensi.""}, {""id"": ""b"", ""text"": ""Data input, bobot jaringan, dan aktivasi neuron direpresentasikan sebagai vektor.""}, {""id"": ""c"", ""text"": ""Operasi matriks tidak digunakan dalam deep learning.""}, {""id"": ""d"", ""text"": ""Matriks hanya digunakan dalam forward pass.""}], ""correct_answer"": ""a"", ""explanation"": ""Representasi matriks sangat penting dalam deep learning untuk efisiensi dan skala.""}]}",255.25,726,0.3515840220385675,1.421317164114346,1,
"{""questions"": [{""id"": 1, ""type"": ""multiple_choice"", ""question"": ""Jelaskan secara rinci bagaimana backpropagation bekerja dalam proses pelatihan jaringan saraf tiruan, termasuk bagaimana kesalahan dihitung dan bagaimana bobot diupdate."", ""options"": [{""id"": ""a"", ""text"": ""Backpropagation adalah proses di mana input data dipropagasi maju melalui jaringan, dan output dibandingkan dengan target.  Selisih antara output dan target digunakan untuk menghitung kesalahan.  Kesalahan ini kemudian dipropagasi mundur melalui jaringan untuk memperbarui bobot.  Proses ini berulang-ulang hingga konvergensi.""}, {""id"": ""b"", ""text"": ""Backpropagation hanya digunakan dalam jaringan saraf tiruan dengan satu lapisan tersembunyi.""}, {""id"": ""c"", ""text"": ""Bobot jaringan tidak pernah diupdate selama pelatihan.""}, {""id"": ""d"", ""text"": ""Kesalahan dihitung sebagai rata-rata dari selisih antara output dan target.""}], ""correct_answer"": ""a"", ""explanation"": ""Backpropagation adalah algoritma kunci dalam pelatihan jaringan saraf tiruan.""}, {""id"": 2, ""type"": ""true_false"", ""question"": ""Convolutional Neural Networks (CNNs) dirancang untuk memproses data teks."", ""correct_answer"": false, ""explanation"": ""CNNs dirancang untuk memproses data gambar.""}, {""id"": 3, ""type"": ""multiple_choice"", ""question"": ""Jelaskan perbedaan antara L1 dan L2 regularization dalam konteks mencegah overfitting dalam jaringan saraf tiruan, dan berikan contoh bagaimana masing-masing menambahkan penalti pada fungsi kerugian."", ""options"": [{""id"": ""a"", ""text"": ""L1 regularization menambahkan penalti berbentuk L1 (abs) pada bobot, sedangkan L2 regularization menambahkan penalti berbentuk L2 (kuadrat) pada bobot.""}, {""id"": ""b"", ""text"": ""L1 dan L2 regularization identik.""}, {""id"": ""c"", ""text"": ""L1 regularization lebih cocok untuk data dengan varians tinggi, sedangkan L2 lebih cocok untuk data dengan varian rendah.""}, {""id"": ""d"", ""text"": ""L1 dan L2 regularization tidak berguna dalam mencegah overfitting.""}], ""correct_answer"": ""a"", ""explanation"": ""L1 dan L2 regularization bekerja dengan cara yang berbeda dalam menambahkan penalti pada bobot untuk mencegah overfitting.""}, {""id"": 4, ""type"": ""multibox"", ""question"": ""Manakah dari berikut ini yang merupakan fungsi aktivasi yang umum digunakan dalam jaringan saraf tiruan? Pilih semua yang benar."", ""options"": [{""id"": ""a"", ""text"": ""Sigmoid""}, {""id"": ""b"", ""text"": ""ReLU""}, {""id"": ""c"", ""text"": ""tanh""}, {""id"": ""d"", ""text"": ""Softmax""}], ""correct_answer"": [""a"", ""b"", ""c"", ""d""], ""explanation"": ""Sigmoid, ReLU, tanh, dan softmax adalah fungsi aktivasi yang umum digunakan dalam jaringan saraf tiruan.""}, {""id"": 5, ""type"": ""multiple_choice"", ""question"": ""Bagaimana transformer, dengan mekanisme self-attention, memproses data sekuensial secara paralel, dan apa keuntungan utamanya dibandingkan dengan RNN?"", ""options"": [{""id"": ""a"", ""text"": ""Transformer memproses data sekuensial secara seri, dan keuntungannya adalah kecepatan yang lebih tinggi.""}, {""id"": ""b"", ""text"": ""Transformer memproses data sekuensial secara paralel dengan mempertimbangkan hubungan antar kata terlepas dari jarak, dan keuntungannya adalah penangkapan dependensi jangka panjang yang lebih baik dan kecepatan yang lebih tinggi.""}, {""id"": ""c"", ""text"": ""Transformer tidak cocok untuk data sekuensial.""}, {""id"": ""d"", ""text"": ""Transformer lebih cocok untuk data gambar.""}], ""correct_answer"": ""b"", ""explanation"": ""Transformer memproses data sekuensial secara paralel dengan self-attention, yang memungkinkan penangkapan dependensi jangka panjang dan kecepatan yang lebih tinggi dibandingkan dengan RNN.""}]}",201.5,757,0.2661822985468956,1.3049729316735015,1,
"{""questions"": [{""id"": 1, ""type"": ""multiple_choice"", ""question"": ""Jelaskan secara rinci bagaimana arsitektur jaringan saraf tiruan (ANN) yang dalam memungkinkan model deep learning untuk belajar fitur hierarkis dari data mentah. Bagaimana fitur tingkat rendah digabungkan untuk membentuk fitur tingkat tinggi yang lebih abstrak?"", ""options"": [{""id"": ""a"", ""text"": ""ANN yang dalam terdiri dari banyak lapisan yang saling terhubung, di mana setiap lapisan menerima input dari lapisan sebelumnya dan mengirimkan output ke lapisan berikutnya.  Fitur tingkat rendah diekstrak di lapisan pertama, kemudian diproses dan digabungkan di lapisan berikutnya untuk membentuk fitur tingkat tinggi yang lebih abstrak.  Proses ini berulang hingga output akhir.""}, {""id"": ""b"", ""text"": ""ANN yang dalam hanya menggunakan satu lapisan yang menerima input langsung dan menghasilkan output.""}, {""id"": ""c"", ""text"": ""ANN yang dalam tidak berbeda dari ANN yang tipis.""}, {""id"": ""d"", ""text"": ""Fitur tingkat tinggi diekstrak di lapisan terakhir.""}], ""correct_answer"": ""a"", ""explanation"": ""ANN yang dalam memungkinkan pembelajaran fitur hierarkis melalui proses lapisan-lapisan.""}, {""id"": 2, ""type"": ""true_false"", ""question"": ""CNNs lebih cocok untuk data sekuensial daripada RNNs."", ""correct_answer"": false, ""explanation"": ""CNNs dirancang untuk data spasial, sedangkan RNNs untuk data sekuensial.""}, {""id"": 3, ""type"": ""multiple_choice"", ""question"": ""Bagaimana LSTM dan GRU mengatasi masalah vanishing gradient dalam RNNs?"", ""options"": [{""id"": ""a"", ""text"": ""Dengan menggunakan koneksi berulang yang memungkinkan informasi dari langkah waktu sebelumnya untuk mempengaruhi output saat ini.""}, {""id"": ""b"", ""text"": ""Dengan menggunakan algoritma optimisasi yang berbeda.""}, {""id"": ""c"", ""text"": ""Dengan memperkecil learning rate.""}, {""id"": ""d"", ""text"": ""Dengan memperbesar ukuran jaringan.""}], ""correct_answer"": ""a"", ""explanation"": ""LSTM dan GRU memiliki mekanisme yang memungkinkan informasi disimpan dan diaktifkan secara selektif, mengatasi masalah vanishing gradient.""}, {""id"": 4, ""type"": ""multibox"", ""question"": ""Manakah dari berikut ini yang merupakan teknik regularisasi yang digunakan untuk mencegah overfitting dalam deep learning?"", ""options"": [{""id"": ""a"", ""text"": ""L1 regularization""}, {""id"": ""b"", ""text"": ""L2 regularization""}, {""id"": ""c"", ""text"": ""Dropout""}, {""id"": ""d"", ""text"": ""Early stopping""}], ""correct_answer"": [""a"", ""b"", ""c"", ""d""], ""explanation"": ""L1 dan L2 regularization, dropout, dan early stopping adalah teknik regularisasi yang umum digunakan untuk mencegah overfitting.""}, {""id"": 5, ""type"": ""multiple_choice"", ""question"": ""Bagaimana transfer learning memungkinkan penggunaan kembali model yang telah dilatih pada tugas yang berbeda, dan apa keuntungan dari pendekatan ini?"", ""options"": [{""id"": ""a"", ""text"": ""Transfer learning melibatkan pelatihan model dari awan, yang memungkinkan model untuk belajar fitur umum yang dapat diterapkan pada tugas baru. Keuntungan termasuk penghematan waktu pelatihan dan kualitas model yang lebih baik.""}, {""id"": ""b"", ""text"": ""Transfer learning melibatkan pembuatan model dari awan dari scratch untuk setiap tugas baru.""}, {""id"": ""c"", ""text"": ""Transfer learning tidak berguna untuk tugas yang berbeda.""}, {""id"": ""d"", ""text"": ""Transfer learning hanya cocok untuk tugas yang sangat mirip.""}], ""correct_answer"": ""a"", ""explanation"": ""Transfer learning memungkinkan penggunaan kembali pengetahuan yang telah dipelajari dari satu tugas untuk mempercepat dan meningkatkan pelatihan pada tugas lain.""}]}",185.25,590,0.31398305084745765,1.3688665352230391,1,
"{""questions"": [{""id"": 1, ""type"": ""multiple_choice"", ""question"": ""Apa yang dimaksudkan dengan self-attention dalam arsitektur Transformer?"", ""options"": [{""id"": ""a"", ""text"": ""Proses di mana model mempertimbangkan hubungan antara semua kata dalam sebuah kalimat""}, {""id"": ""b"", ""text"": ""Metode untuk mengurutkan kata-kata dalam kalimat""}, {""id"": ""c"", ""text"": ""Teknik untuk menghasilkan kata-kata baru""}, {""id"": ""d"", ""text"": ""Algoritma untuk mengoptimalkan model""}], ""correct_answer"": ""a"", ""explanation"": ""Self-attention memungkinkan model untuk mempertimbangkan hubungan antara semua kata dalam sebuah kalimat, terlepas dari jaraknya.""}, {""id"": 2, ""type"": ""true_false"", ""question"": ""RNN lebih cocok digunakan daripada Transformer dalam NLP."", ""correct_answer"": false, ""explanation"": ""Meskipun RNN masih digunakan, Transformer telah menjadi arsitektur dominan dalam NLP modern karena kemampuannya untuk memproses kalimat secara parallel.""}, {""id"": 3, ""type"": ""multiple_choice"", ""question"": ""Apa yang dimaksudkan dengan lemmatization?"", ""options"": [{""id"": ""a"", ""text"": ""Proses membagi teks menjadi unit-unit individual""}, {""id"": ""b"", ""text"": ""Proses mereduksi kata ke bentuk dasarnya""}, {""id"": ""c"", ""text"": ""Proses mengganti kata dengan sinonimnya""}, {""id"": ""d"", ""text"": ""Proses menerjemahkan teks ke bahasa lain""}], ""correct_answer"": ""b"", ""explanation"": ""Lemmatization mereduksi kata ke bentuk dasarnya, seperti'menulis' menjadi'menuliskan'.""}, {""id"": 4, ""type"": ""multibox"", ""question"": ""Manakah yang termasuk teknik data augmentation dalam NLP?"", ""options"": [{""id"": ""a"", ""text"": ""Back translation""}, {""id"": ""b"", ""text"": ""Synonym replacement""}, {""id"": ""c"", ""text"": ""Random insertion/deletion""}, {""id"": ""d"", ""text"": ""Word embeddings""}], ""correct_answer"": [""a"", ""b"", ""c""], ""explanation"": ""Back translation, synonym replacement, dan random insertion/deletion adalah teknik data augmentation dalam NLP.""}, {""id"": 5, ""type"": ""multiple_choice"", ""question"": ""Apa yang dimaksudkan dengan Bleu score?"", ""options"": [{""id"": ""a"", ""text"": ""Metrik untuk mengevaluasi kualitas terjemahan mesin""}, {""id"": ""b"", ""text"": ""Algoritma untuk mengoptimalkan model""}, {""id"": ""c"", ""text"": ""Teknik untuk menghasilkan kata-kata baru""}, {""id"": ""d"", ""text"": ""Proses membagi teks menjadi unit-unit individual""}], ""correct_answer"": ""a"", ""explanation"": ""Bleu score digunakan untuk mengevaluasi kualitas terjemahan mesin.""}]}",181.625,709,0.2561706629055007,1.2919732010261964,1,
"{""questions"": [{""id"": 1, ""type"": ""multiple_choice"", ""question"": ""Jelaskan secara rinci bagaimana CNN bekerja dalam deteksi objek, dengan fokus pada bagaimana lapisan konvolusi dan pooling bekerja sama untuk memperkenalkan fitur spasial dan memecahkan masalah deteksi objek."", ""options"": [{""id"": ""a"", ""text"": ""CNN menggunakan lapisan konvolusi untuk menganalisis gambar secara lokal dan lapisan pooling untuk mengurangi dimensi data. Lapisan konvolusi memperkenalkan fitur spasial yang invarian terhadap translasi, sedangkan lapisan pooling mengurangi redundansi dan meningkatkan invariansi.  Dengan menggabungkan output dari lapisan konvolusi dan pooling, CNN dapat membangun representasi spasial yang kompleks yang dapat digunakan untuk deteksi objek.""}, {""id"": ""b"", ""text"": ""CNN menggunakan lapisan fully connected untuk menganalisis gambar secara global.""}, {""id"": ""c"", ""text"": ""CNN tidak menggunakan pooling.""}, {""id"": ""d"", ""text"": ""CNN hanya cocok untuk klasifikasi gambar.""}], ""correct_answer"": ""a"", ""explanation"": ""CNN dirancang khusus untuk memproses data gambar dengan memanfaatkan struktur spasialnya.""}, {""id"": 2, ""type"": ""true_false"", ""question"": ""Data augmentation hanya berguna untuk meningkatkan kualitas gambar."", ""correct_answer"": false, ""explanation"": ""Data augmentation bertujuan untuk meningkatkan variasi data, bukan kualitas gambar. Ini membantu mencegah overfitting dan meningkatkan kinerja model pada data yang berbeda.""}, {""id"": 3, ""type"": ""multiple_choice"", ""question"": ""Jelaskan prinsip-prinsip dasar transfer learning, termasuk fine-tuning dan frozen feature extraction, dan berikan contoh spesifik bagaimana transfer learning dapat diterapkan dalam konteks pengenalan gambar menggunakan CNN."", ""options"": [{""id"": ""a"", ""text"": ""Transfer learning melibatkan pelatihan model dari awal pada dataset baru. Fine-tuning dan frozen feature extraction tidak relevan dalam transfer learning.""}, {""id"": ""b"", ""text"": ""Transfer learning memungkinkan penggunaan kembali model yang telah dilatih pada dataset besar untuk tugas spesifik. Fine-tuning melibatkan pelatihan kembali model pada dataset baru, sedangkan frozen feature extraction menggunakan fitur yang telah dipelajari dari model yang ada tanpa mengubahnya. Contoh: menggunakan model VGG16 yang telah dilatih pada ImageNet untuk mengklasifikasikan gambar mobil dan truk.""}, {""id"": ""c"", ""text"": ""Transfer learning hanya cocok untuk tugas yang sangat mirip.""}, {""id"": ""d"", ""text"": ""Transfer learning tidak berguna dalam pengenalan gambar.""}], ""correct_answer"": ""b"", ""explanation"": ""Transfer learning menghemat sumber daya dan mempercepat proses pembelajaran.""}, {""id"": 4, ""type"": ""multibox"", ""question"": ""Manakah dari berikut ini yang merupakan tantangan dalam visi komputer? Pilih semua yang benar."", ""options"": [{""id"": ""a"", ""text"": ""Variasi pencahayaan""}, {""id"": ""b"", ""text"": ""Skala objek""}, {""id"": ""c"", ""text"": ""Oklusi""}, {""id"": ""d"", ""text"": ""Viewpoint variation""}, {""id"": ""e"", ""text"": ""Noise dalam data""}], ""correct_answer"": [""a"", ""b"", ""c"", ""d""], ""explanation"": ""Variasi pencahayaan, skala objek, oklusi, dan variasi sudut (viewpoint variation) adalah tantangan umum dalam visi komputer. Noise dalam data juga dapat menjadi tantangan, tetapi bukan yang paling umum.""}, {""id"": 5, ""type"": ""multiple_choice"", ""question"": ""Bagaimana Intersection over Union (IoU) digunakan dalam evaluasi model deteksi objek, dan bagaimana IoU berkaitan dengan tumpang tindih antara bounding box yang diprediksi dan ground truth?"", ""options"": [{""id"": ""a"", ""text"": ""IoU mengukur akurasi deteksi objek secara keseluruhan.""}, {""id"": ""b"", ""text"": ""IoU dihitung sebagai rasio luas overlapping antara bounding box yang diprediksi dan ground truth dibagi dengan luas bounding box yang lebih besar dari kedua bounding box tersebut. IoU digunakan untuk mengukur ketepatan lokalisasi bounding box.""}, {""id"": ""c"", ""text"": ""IoU hanya digunakan dalam segmentasi gambar.""}, {""id"": ""d"", ""text"": ""IoU tidak relevan dalam deteksi objek.""}], ""correct_answer"": ""b"", ""explanation"": ""IoU adalah metrik penting dalam evaluasi deteksi objek, mengukur seberapa baik bounding box yang diprediksi sesuai dengan lokasi objek yang sebenarnya.""}]}",219.5,724,0.3031767955801105,1.35415385169613,1,
"{""questions"": [{""id"": 1, ""type"": ""multiple_choice"", ""question"": ""Jelaskan bagaimana GANs berinteraksi dalam permainan minimax dan bagaimana interaksi ini memungkinkan generator dan discriminator untuk saling mengarahkan satu sama lain selama pelatihan.  Bagaimana mekanisme ini mengarah pada pembentukan data sintetis yang realistis?"", ""options"": [{""id"": ""a"", ""text"": ""Generator mencoba menghasilkan data palsu yang menyerupai data asli, sedangkan discriminator mencoba membedakan antara data asli dan palsu.  Dalam setiap iterasi, generator diperbarui untuk menghasilkan data palsu yang lebih sulit dibedakan oleh discriminator, dan discriminator diperbarui untuk memperbaiki kemampuannya dalam membedakan antara data asli dan palsu.  Interaksi ini berlanjut hingga generator tidak dapat menghasilkan data palsu yang dapat dibedakan dari data asli, yang berarti data sintetis yang dihasilkan adalah realistis.""}, {""id"": ""b"", ""text"": ""Generator dan discriminator berkompetisi satu sama lain untuk memaksimalkan dan meminimalkan nilai yang berlawanan tanda.""}, {""id"": ""c"", ""text"": ""Generator dan discriminator bekerja sama untuk memaksimalkan fungsi kerjasama.""}, {""id"": ""d"", ""text"": ""Generator mencoba memaksimalkan reward dari discriminator.""}], ""correct_answer"": ""a"", ""explanation"": ""Interaksi dalam permainan minimax memungkinkan GANs untuk saling mengarahkan dan meningkatkan kualitas data sintetis secara berkelanjutan.""}, {""id"": 2, ""type"": ""true_false"", ""question"": ""Dalam RL, reward kumulatif selalu lebih baik daripada reward instant.  Bagaimana reward kumulatif memungkinkan agen untuk belajar strategi optimal dalam jangka panjang, dan bagaimana agen dapat menyeimbangkan eksplorasi dan eksploitasi dalam konteks RL?"", ""correct_answer"": true, ""explanation"": ""Reward kumulatif memungkinkan agen untuk belajar strategi optimal dalam jangka panjang, tetapi menyeimbangkan eksplorasi dan eksploitasi adalah tantangan kunci dalam RL.""}, {""id"": 3, ""type"": ""multiple_choice"", ""question"": ""Bagaimana LSTM dan GRU mengatasi masalah vanishing gradient pada RNN standar, dan bagaimana mekanisme gating mereka memungkinkan mereka untuk menangkap dependensi jangka panjang dalam data sekuensial?"", ""options"": [{""id"": ""a"", ""text"": ""LSTM dan GRU menggunakan sel lama yang dapat diupdate secara independen, yang memungkinkan mereka untuk secara selektif mengingat atau melupakan informasi dari langkah waktu sebelumnya.""}, {""id"": ""b"", ""text"": ""LSTM dan GRU menggunakan arsitektur yang lebih sederhana daripada RNN standar.""}, {""id"": ""c"", ""text"": ""LSTM dan GRU menggunakan backpropagation melalui waktu yang berulang.""}, {""id"": ""d"", ""text"": ""LSTM dan GRU menggunakan pembelajaran taksupervised.""}], ""correct_answer"": ""a"", ""explanation"": ""Mekanisme gating LSTM dan GRU memungkinkan mereka untuk secara selektif mengingat atau melupakan informasi, mengatasi masalah vanishing gradient.""}, {""id"": 4, ""type"": ""multibox"", ""question"": ""Manakah dari berikut ini yang merupakan tantangan dalam RL? Pilih semua yang benar."", ""options"": [{""id"": ""a"", ""text"": ""Eksplorasi vs eksploitasi""}, {""id"": ""b"", ""text"": ""Credit assignment problem""}, {""id"": ""c"", ""text"": ""Sample efficiency""}, {""id"": ""d"", ""text"": ""Overfitting""}], ""correct_answer"": [""a"", ""b"", ""c""], ""explanation"": ""Eksplorasi vs eksploitasi, credit assignment problem, dan sample efficiency adalah tantangan kunci dalam RL. Overfitting lebih relevan untuk pembelajaran mesin secara umum.""}, {""id"": 5, ""type"": ""multiple_choice"", ""question"": ""Bagaimana DRL menggabungkan deep learning dan RL, dan bagaimana DRL telah mencapai keberhasilan dalam berbagai aplikasi, termasuk bermain game, robotika, dan kontrol?  Jelaskan peran jaringan saraf dalam DRL dan bagaimana mereka memungkinkan agen untuk belajar kebijakan dan nilai dalam lingkungan yang kompleks."", ""options"": [{""id"": ""a"", ""text"": ""DRL menggabungkan deep learning untuk merepresentasikan kebijakan dan nilai, dan RL untuk interaksi dengan lingkungan.  Jaringan saraf memungkinkan agen untuk belajar dari pengalaman dan menyesuaikan kebijakan dan nilai secara adaptif dalam lingkungan yang berubah.""}, {""id"": ""b"", ""text"": ""DRL menggunakan RL untuk mempelajari jaringan saraf.""}, {""id"": ""c"", ""text"": ""DRL menggunakan deep learning untuk mempelajari lingkungan.""}, {""id"": ""d"", ""text"": ""DRL tidak menggunakan deep learning.""}], ""correct_answer"": ""a"", ""explanation"": ""DRL menggabungkan kedua paradigma, memungkinkan agen untuk belajar dalam lingkungan yang kompleks dan menyesuaikan strategi secara adaptif.""}]}",155.125,633,0.24506319115323855,1.2777020501199727,1,
"{""questions"": [{""id"": 1, ""type"": ""multiple_choice"", ""question"": ""Jelaskan secara rinci bagaimana backpropagation menghitung gradien dari fungsi kerugian terhadap bobot dalam jaringan saraf tiruan, termasuk proses forward pass dan backward pass, dan bagaimana gradien ini digunakan untuk memperbarui bobot. Bagaimana backpropagation mengatasi masalah vanishing gradient dalam RNNs?"", ""options"": [{""id"": ""a"", ""text"": ""Backpropagation menghitung gradien dengan mengikuti jalur data dari output ke input melalui lapisan-lapisan jaringan, menggunakan aturan chain rule. Gradien ini digunakan untuk memperbarui bobot dengan mengikuti arah negatif gradien. LSTM dan GRU mengatasi vanishing gradient dengan mekanisme gating yang mengontrol aliran informasi.""}, {""id"": ""b"", ""text"": ""Backpropagation hanya digunakan dalam jaringan saraf feedforward.""}, {""id"": ""c"", ""text"": ""Gradien tidak diperlukan dalam pelatihan jaringan saraf tiruan.""}, {""id"": ""d"", ""text"": ""Vanishing gradient bukan masalah dalam RNNs.""}], ""correct_answer"": ""a"", ""explanation"": ""Backpropagation adalah algoritma kunci dalam pelatihan deep learning.""}, {""id"": 2, ""type"": ""true_false"", ""question"": ""CNNs lebih cocok untuk tugas NLP daripada RNNs karena kemampuannya mengekstrak fitur spasial."", ""correct_answer"": true, ""explanation"": ""CNNs lebih cocok untuk tugas visi, sedangkan RNNs lebih cocok untuk tugas NLP.""}, {""id"": 3, ""type"": ""multiple_choice"", ""question"": ""Bagaimana LSTM dan GRU mengatasi masalah vanishing gradient dalam RNNs? Bandingkan dan bedakan kedua mekanisme ini dalam konteks pengingatannya dan pengaruhnya terhadap pemrosesan informasi jangka panjang."", ""options"": [{""id"": ""a"", ""text"": ""LSTM menggunakan sel memori, sedangkan GRU menggunakan unit yang dikunci. Kedua mekanisme ini mengontrol aliran informasi, memungkinkan RNNs untuk mengingat dependensi jangka panjang.""}, {""id"": ""b"", ""text"": ""LSTM dan GRU sama dalam mengatasi vanishing gradient.""}, {""id"": ""c"", ""text"": ""Keduanya menggunakan mekanisme yang sama.""}, {""id"": ""d"", ""text"": ""Keduanya tidak mengatasi vanishing gradient.""}], ""correct_answer"": ""a"", ""explanation"": ""LSTM dan GRU adalah varian RNN yang dirancang untuk mengatasi vanishing gradient.""}, {""id"": 4, ""type"": ""multibox"", ""question"": ""Manakah dari berikut ini yang merupakan teknik regularisasi yang digunakan untuk mencegah overfitting dalam deep learning? Pilih semua yang benar."", ""options"": [{""id"": ""a"", ""text"": ""L1 regularization""}, {""id"": ""b"", ""text"": ""L2 regularization""}, {""id"": ""c"", ""text"": ""Dropout""}, {""id"": ""d"", ""text"": ""Early stopping""}], ""correct_answer"": [""a"", ""b"", ""c"", ""d""], ""explanation"": ""Semua pilihan yang diberikan adalah teknik regularisasi yang umum digunakan.""}, {""id"": 5, ""type"": ""multiple_choice"", ""question"": ""Bagaimana transfer learning memanfaatkan pengetahuan dari model yang telah dilatih pada satu tugas untuk tugas yang berbeda? Bandingkan dan bedakan fine-tuning dan frozen feature extraction dalam konteks transfer learning."", ""options"": [{""id"": ""a"", ""text"": ""Transfer learning memanfaatkan pengetahuan dari model yang telah dilatih pada satu tugas untuk tugas yang berbeda dengan menyesuaikan atau'membekukan' lapisan yang sesuai. Fine-tuning melibatkan penyesuaian semua lapisan, sedangkan frozen feature extraction hanya menggunakan lapisan fitur yang telah dipelajari sebagai fitur yang dapat digunakan.""}, {""id"": ""b"", ""text"": ""Transfer learning tidak berguna dalam deep learning.""}, {""id"": ""c"", ""text"": ""Fine-tuning dan frozen feature extraction adalah teknik yang sama.""}, {""id"": ""d"", ""text"": ""Transfer learning hanya cocok untuk dataset yang sama.""}], ""correct_answer"": ""a"", ""explanation"": ""Transfer learning adalah teknik yang ampuh untuk menghemat waktu dan sumber daya.""}]}",220.25,692,0.31828034682080925,1.374761617257137,1,
"{""questions"": [{""id"": 1, ""type"": ""multiple_choice"", ""question"": ""Jika learning rate dalam SGD adalah 0.01 dan gradien aktual adalah -0.05, berapa perubahan bobot dalam iterasi ini?"", ""options"": [{""id"": ""a"", ""text"": ""-0.0005""}, {""id"": ""b"", ""text"": ""-0.05""}, {""id"": ""c"", ""text"": ""0.0005""}, {""id"": ""d"", ""text"": ""0.05""}], ""correct_answer"": ""a"", ""explanation"": ""Perubahan bobot = learning rate * gradien aktual = 0.01 * -0.05 = -0.0005""}, {""id"": 2, ""type"": ""true_false"", ""question"": ""CNN lebih cocok untuk tugas visi komputer daripada RNN."", ""correct_answer"": true, ""explanation"": ""CNN dirancang untuk memproses data spasial, seperti gambar, sedangkan RNN dirancang untuk data sekuensial.""}, {""id"": 3, ""type"": ""multiple_choice"", ""question"": ""Apa yang dimaksudkan dengan momentum dalam SGD?"", ""options"": [{""id"": ""a"", ""text"": ""Menghitung gradien dari mini-batch""}, {""id"": ""b"", ""text"": ""Mempertimbangkan gradien dari iterasi sebelumnya""}, {""id"": ""c"", ""text"": ""Menggunakan learning rate yang adaptif""}, {""id"": ""d"", ""text"": ""Menggunakan data seluruh dataset""}], ""correct_answer"": ""b"", ""explanation"": ""Momentum membantu mempercepat konvergensi dengan mempertimbangkan gradien dari iterasi sebelumnya.""}, {""id"": 4, ""type"": ""multibox"", ""question"": ""Manakah yang merupakan teknik regularisasi?"", ""options"": [{""id"": ""a"", ""text"": ""L1 regularization""}, {""id"": ""b"", ""text"": ""Dropout""}, {""id"": ""c"", ""text"": ""Early stopping""}, {""id"": ""d"", ""text"": ""Batch normalization""}], ""correct_answer"": [""a"", ""b"", ""c""], ""explanation"": ""L1 regularization, dropout, dan early stopping adalah teknik regularisasi. Batch normalization adalah teknik lain yang digunakan dalam deep learning, tetapi bukan teknik regularisasi.""}, {""id"": 5, ""type"": ""multiple_choice"", ""question"": ""Apa yang dimaksudkan dengan self-attention dalam Transformer?"", ""options"": [{""id"": ""a"", ""text"": ""Mempertimbangkan hubungan antara semua kata dalam kalimat""}, {""id"": ""b"", ""text"": ""Menggunakan momentum""}, {""id"": ""c"", ""text"": ""Menggunakan data seluruh dataset""}, {""id"": ""d"", ""text"": ""Menggunakan learning rate yang adaptif""}], ""correct_answer"": ""a"", ""explanation"": ""Self-attention memungkinkan model untuk mempertimbangkan hubungan antara semua kata dalam kalimat, terlepas dari jaraknya.""}]}",164.25,640,0.256640625,1.2925805221555646,1,
